"Accident_Index","accyr","Vehicle_Reference","Vehicle_Type","Towing_and_Articulation","Vehicle_Manoeuvre","Vehicle_Location-Restricted_Lane","Junction_Location","Skidding_and_Overturning","Hit_Object_in_Carriageway","Vehicle_Leaving_Carriageway","Hit_Object_off_Carriageway","1st_Point_of_Impact","Was_Vehicle_Left_Hand_Drive","Journey_Purpose_of_Driver","Sex_of_Driver","Age_Band_of_Driver","Engine_Capacity_(CC)","Propulsion_Code","Age_of_Vehicle","Driver_IMD_Decile","Driver_Home_Area_Type","make","model"
"2016010000005","2016","1","8","0","6","0","0","0","0","0","0","3","1","1","1","8","-1","-1","-1","3","1",\0,\0
"2016010000005","2016","2","2","0","18","0","0","0","0","0","0","1","1","6","1","5","124","1","4","4","1","YAMAHA","HW 125 XENTER"
"2016010000006","2016","1","9","0","18","0","2","2","10","1","0","4","1","6","2","7","1461","2","1","10","1","MERCEDES","A180 BLUEEFFICIENCY SPORT CDI"
"2016010000008","2016","1","9","0","18","0","4","5","0","0","0","1","1","6","1","5","1390","1","5","8","1","VOLKSWAGEN","SCIROCCO TSI"
"2016010000016","2016","1","11","0","18","0","1","0","0","0","0","0","1","1","1","8","6692","2","7","9","1","OTHER BRITISH","Missing"
"2016010000018","2016","1","9","0","12","0","0","0","0","0","0","1","1","6","1","4","1596","1","11","2","1","BMW","116i"
"2016010000018","2016","2","1","0","18","0","0","0","0","0","0","4","1","6","1","6","-1","-1","-1","6","1",\0,\0
"2016010000019","2016","1","9","0","18","0","1","0","0","1","0","2","1","6","2","6","1596","1","10","3","1","BMW","116 I SE"
"2016010000019","2016","2","9","0","18","0","1","0","0","0","0","1","1","6","1","6","1596","1","5","2","1","FORD","FOCUS ZETEC 125"
"2016010000020","2016","1","8","0","18","0","0","0","0","0","0","4","1","1","1","6","2499","2","2","2","1","LONDON TAXIS INT.","TX4 ELEGANCE AUTO"
"2016010000021","2016","1","9","0","9","0","6","0","0","0","0","1","2","6","1","5","-1","-1","-1","4","1",\0,\0
"2016010000021","2016","2","9","0","18","0","2","0","0","0","0","4","1","6","2","6","1596","1","15","7","1","FORD","FOCUS BLACK"
"2016010000023","2016","1","4","0","9","0","1","1","0","0","0","0","1","6","1","5","-1","-1","-1","-1","1",\0,\0
"2016010000024","2016","1","11","0","5","0","8","0","0","0","0","0","1","1","1","8","-1","-1","-1","-1","1",\0,\0
"2016010000024","2016","2","9","0","13","0","8","0","0","0","0","0","1","6","3","-1","-1","-1","-1","-1","-1",\0,\0
"2016010000025","2016","1","19","0","3","0","1","0","4","0","0","4","2","6","1","6","1461","2","3","6","1","RENAULT","KANGOO ML19 ENERGY DCI"
"2016010000025","2016","2","19","0","3","0","1","0","0","0","0","3","2","6","1","6","1560","2","4","1","1","CITROEN","DISPATCH 1000 L1H1 EN-RISE HDI"
"2016010000025","2016","3","3","0","14","0","1","0","8","0","0","1","1","6","1","7","124","1","1","2","1","Piaggio","VESPA PRIMAVERA 125 ABS"
"2016010000028","2016","1","9","0","4","0","2","0","0","0","0","1","1","2","2","7","2143","2","2","9","3","MERCEDES","E250 AMG SPORT CDI AUTO"
"2016010000031","2016","1","9","0","7","0","5","0","0","0","0","4","1","2","1","6","-1","-1","-1","2","1",\0,\0
"2016010000031","2016","2","11","0","11","0","8","0","0","0","0","1","1","6","3","-1","12000","2","9","-1","-1","VOLVO","Missing"
"2016010000033","2016","1","9","0","18","0","0","0","0","0","0","1","1","6","2","6","-1","-1","-1","-1","1",\0,\0
"2016010000035","2016","1","11","0","18","0","8","0","0","0","0","4","1","1","1","6","-1","-1","-1","-1","1",\0,\0
"2016010000035","2016","2","19","0","7","0","6","0","0","0","0","4","1","1","1","9","-1","-1","-1","-1","1",\0,\0
"2016010000039","2016","1","3","0","18","0","8","0","0","0","0","3","1","2","1","6","125","1","-1","5","1","Yamaha","MW125 TRICITY 125"
"2016010000039","2016","2","9","0","5","0","6","0","0","0","0","1","1","3","1","11","1973","1","17","5","1","HONDA","CR-V LS AUTO"
"2016010000046","2016","1","1","0","11","0","1","0","0","0","0","1","1","1","1","4","-1","-1","-1","2","1",\0,\0
"2016010000046","2016","2","19","0","3","0","1","0","0","0","0","2","1","1","1","7","2299","2","-1","4","1","VAUXHALL","MOVANO F3500 L3H2 CDTI"
"2016010000047","2016","1","1","0","18","0","1","0","0","0","0","1","1","2","1","7","-1","-1","-1","7","1",\0,\0
"2016010000048","2016","1","9","0","9","0","8","0","11","0","0","4","1","1","1","9","1399","2","5","4","1","FORD","FIESTA EDGE TDCI 70"
"2016010000049","2016","1","90","0","18","0","6","0","0","0","0","1","1","6","1","-1","-1","-1","-1","-1","-1",\0,\0
"2016010000050","2016","1","9","0","18","0","1","0","11","0","0","1","1","2","2","7","2993","2","10","2","1","BMW","530D M TOURING AUTO"
"2016010000050","2016","2","9","0","3","0","1","0","4","0","0","2","1","2","1","7","1968","2","11","2","1","VOLKSWAGEN","TOURAN SE TDI"
"2016010000050","2016","3","9","0","3","0","1","0","4","0","0","2","1","2","1","7","2143","2","2","4","2","MERCEDES","C220 EXECUTIVE SE CDI BLUE-CY"
"2016010000050","2016","4","9","0","3","0","1","0","0","0","0","2","1","2","2","8","1796","1","13","4","1","VAUXHALL","VECTRA SRI 16V"
"2016010000051","2016","1","9","0","18","0","2","0","0","0","0","3","1","6","1","11","1390","1","15","1","1","VOLKSWAGEN","POLO SE AUTO"
"2016010000051","2016","2","9","0","18","0","1","0","0","0","0","1","1","6","1","7","1796","1","14","7","1","FORD","FOCUS ZETEC"
"2016010000052","2016","1","90","0","5","0","4","0","0","0","0","1","1","1","1","6","-1","-1","-1","3","1","PEUGEOT","BOXER 333 L3H2 HDI"
"2016010000052","2016","2","9","0","5","0","4","0","0","0","0","2","1","6","2","8","1598","1","6","4","1","VAUXHALL","ZAFIRA ENERGY"
"2016010000053","2016","1","19","0","1","0","0","0","0","0","0","2","1","1","1","8","1998","2","12","6","1","FORD","TRANSIT 280 SWB"
"2016010000055","2016","1","9","0","8","0","0","0","0","1","0","3","1","6","1","11","1598","1","10","6","1","TOYOTA","COROLLA TSPIRIT VVTI"
"2016010000055","2016","2","19","0","16","0","0","0","0","0","0","3","1","1","1","8","1968","2","-1","1","1","VOLKSWAGEN","TRANSPORTER T28 S-LINE TDI BMT"
"2016010000056","2016","1","3","0","13","0","0","0","0","0","0","4","1","2","1","9","-1","-1","-1","-1","1",\0,\0
"2016010000056","2016","2","19","0","18","0","0","0","0","0","0","0","1","1","1","5","-1","-1","-1","-1","1",\0,\0
"2016010000058","2016","1","1","0","9","0","5","0","0","0","0","4","1","6","1","5","-1","-1","-1","2","1",\0,\0
"2016010000058","2016","2","9","0","5","0","8","0","0","0","0","1","2","6","1","9","1997","2","2","2","1","FORD","C-MAX TITANIUM TDCI AUTO"
"2016010000060","2016","1","11","0","4","0","1","0","0","0","0","1","1","1","1","7","6700","2","5","3","1","ALEXANDER DENNIS","Missing"
"2016010000061","2016","1","9","0","18","0","0","0","0","0","0","1","1","2","2","8","1242","1","5","4","1","FORD","FIESTA EDGE"
"2016010000064","2016","1","9","0","18","0","1","0","0","0","0","1","1","6","1","8","1587","1","13","-1","-1","PEUGEOT","307 RAPIER 16V"
"2016010000064","2016","2","9","0","9","0","6","0","0","0","0","1","1","6","1","7","1396","1","16","7","1","ROVER","25 OLYMPIC S"
"2016010000066","2016","1","9","0","9","0","6","0","0","0","0","1","1","6","1","9","1086","1","11","1","1","HYUNDAI","GETZ GSI"
"2016010000067","2016","1","9","0","4","0","0","0","0","0","0","2","1","1","2","6","1582","2","3","7","1","HYUNDAI","I30 CLASSIC CRDI"
"2016010000067","2016","2","19","0","4","0","0","0","0","0","0","2","1","1","1","6","2402","2","6","-1","-1","FORD","TRANSIT 115 T350L RWD"
"2016010000067","2016","3","9","0","4","0","0","0","0","0","0","2","1","6","2","10","998","1","7","-1","-1","TOYOTA","YARIS T2 VVT-I"
"2016010000069","2016","1","9","0","9","0","5","0","0","0","0","0","2","6","1","9","1596","1","11","5","1","FORD","FOCUS ZETEC CLIMATE T"
"2016010000069","2016","2","1","0","18","0","1","0","0","0","0","1","1","2","1","6","-1","-1","-1","5","1",\0,\0
"2016010000072","2016","1","9","0","7","0","1","0","0","0","0","2","1","6","3","-1","1798","8","-1","-1","-1","TOYOTA","PRIUS T3 VVT-I CVT"
"2016010000072","2016","2","1","0","18","0","1","0","0","0","0","1","1","6","1","5","-1","-1","-1","6","1",\0,\0
"2016010000073","2016","1","8","0","7","0","6","0","0","0","0","1","1","1","1","8","1686","2","2","9","1","VAUXHALL","ZAFIRA EXCLUSIV CDTI EFLX"
"2016010000073","2016","2","1","0","18","4","2","5","0","0","0","4","1","6","1","6","-1","-1","-1","-1","-1",\0,\0
"2016010000074","2016","1","5","0","13","0","2","0","0","0","0","3","1","2","1","8","745","1","-1","5","1","Honda","NC 750 XD-G"
"2016010000076","2016","1","9","0","18","0","8","0","0","0","0","1","1","6","1","9","-1","-1","-1","-1","1",\0,\0
"2016010000076","2016","2","9","0","5","0","8","0","0","0","0","3","1","6","2","9","-1","-1","-1","-1","1",\0,\0
"2016010000077","2016","1","90","4","4","0","1","0","0","0","0","2","1","1","1","7","-1","-1","-1","5","1","VOLVO","Missing"
"2016010000077","2016","2","19","0","18","0","1","0","0","0","0","1","1","6","1","6","1598","2","2","1","1","VOLKSWAGEN","CADDY C20 BLK EDITION TDI BM"
"2016010000079","2016","1","8","0","12","0","1","0","0","0","0","3","1","1","1","5","1997","2","6","3","1","FORD","MONDEO TITANIUM TDCI 140"
"2016010000079","2016","2","2","0","13","0","1","0","0","0","0","1","1","6","2","6","49","1","12","3","1","PIAGGIO","LIBERTY"
"2016010000081","2016","1","9","0","11","0","0","5","0","0","0","1","1","2","1","6","998","1","1","5","1","FORD","FIESTA ZETEC"
"2016010000081","2016","2","9","0","18","0","0","0","0","0","0","2","1","6","2","7","1686","2","3","6","1","VAUXHALL","MOKKA SE CDTI AUTO"
"2016010000082","2016","1","9","0","3","0","2","0","0","0","0","2","1","6","1","6","6208","1","4","1","1","MERCEDES","C63 AMG AUTO"
"2016010000082","2016","2","9","0","18","0","1","0","0","0","0","1","1","6","1","11","1597","1","17","4","1","FORD","ESCORT FINESSE"
"2016010000084","2016","1","11","0","18","0","1","0","0","0","0","0","1","1","1","7","4500","2","9","2","1","ALEXANDER DENNIS","Missing"
"2016010000085","2016","1","9","0","18","9","0","0","0","0","0","1","1","6","3","-1","-1","-1","-1","-1","-1",\0,\0
"2016010000085","2016","2","1","0","18","9","0","0","0","0","0","2","1","6","1","5","-1","-1","-1","5","1",\0,\0
"2016010000086","2016","1","5","0","5","0","1","0","0","0","0","2","1","2","1","7","998","1","8","5","1","YAMAHA","YZF R1 08"
"2016010000086","2016","2","9","0","18","0","1","0","0","1","0","1","1","2","2","6","1206","1","7","6","1","CHEVROLET","AVEO LS"
"2016010000087","2016","1","4","0","14","0","1","0","0","0","0","1","1","6","1","8","124","1","3","10","3","YAMAHA","NXC 125 CYGNUS"
"2016010000087","2016","2","9","0","5","0","6","0","0","0","0","1","1","6","1","5","1197","1","-1","2","1","SEAT","LEON SE TECHNOLOGY TSI S-A"
"2016010000090","2016","1","9","0","7","0","2","0","0","0","0","3","1","6","3","-1","-1","-1","-1","-1","-1",\0,\0
"2016010000092","2016","1","9","0","18","0","0","0","11","0","0","4","1","2","1","6","1390","1","8","4","1","SEAT","IBIZA SPORTRIDER"
"2016010000092","2016","2","9","0","12","0","0","0","11","0","0","3","1","2","1","6","-1","-1","-1","2","1","VOLKSWAGEN","CADDY C20 STARTLINE TDI"
"2016010000094","2016","1","9","0","3","0","0","0","0","0","0","2","2","2","1","5","1599","1","14","4","1","HYUNDAI","COUPE S"
"2016010000094","2016","2","9","0","18","0","0","0","0","0","0","1","2","6","1","8","1422","1","-1","-1","-1","SKODA","FABIA S TDI"
"2016010000095","2016","1","9","0","18","0","1","0","0","0","0","1","1","6","2","9","1497","8","9","-1","-1","TOYOTA","PRIUS T SPIRIT VV-I AUTO"
"2016010000095","2016","2","9","0","18","0","1","0","0","0","0","2","1","1","1","9","-1","-1","-1","9","1","VOLKSWAGEN","CADDY 69PS SDI"
"2016010000095","2016","3","9","0","18","0","1","0","0","0","0","4","1","6","1","9","1390","1","6","6","1","VOLKSWAGEN","JETTA SE TSI S-A"
"2016010000095","2016","4","9","0","18","0","1","0","0","0","0","3","1","6","1","6","-1","-1","-1","7","1",\0,\0
"2016010000096","2016","1","9","0","17","0","8","0","0","0","0","1","1","6","2","8","1229","1","6","6","2","VAUXHALL","CORSA SXI"
"2016010000096","2016","2","9","0","9","0","8","0","0","0","0","1","1","6","2","7","1796","1","16","3","1","VAUXHALL","ZAFIRA COMFORT 16V AUTO"
"2016010000099","2016","1","9","0","18","0","1","0","0","0","0","1","1","6","1","10","1997","1","11","2","1","PEUGEOT","807 S"
"2016010000100","2016","1","9","0","18","0","0","0","0","0","0","4","2","3","2","7","1598","1","8","9","1","NISSAN","NOTE TEKNA"
"2016010000101","2016","1","19","0","18","0","1","0","0","0","0","1","2","6","3","-1","2461","2","8","-1","-1","VOLKSWAGEN","CRAFTER CR35 109 MWB"
"2016010000101","2016","2","8","0","18","0","1","0","0","0","0","2","2","1","1","6","1598","2","5","1","1","SKODA","OCTAVIA SE TDI CR S-A"
"2016010000103","2016","1","3","0","18","0","8","0","0","0","0","0","1","6","1","7","125","1","7","2","1","HONDA","PES 125-9"
"2016010000103","2016","2","9","0","10","0","8","0","0","0","0","0","1","6","1","6","1956","2","7","-1","-1","VAUXHALL","INSIGNIA EXCLUSIV 130CDTI"
"2016010000108","2016","1","9","0","4","0","0","0","0","0","0","2","1","2","1","8","1997","2","5","-1","-1","FORD","GALAXY ZETEC TDCI AUTO"
"2016010000108","2016","2","4","0","18","2","0","0","0","0","0","1","1","6","1","6","929","1","16","2","1","Honda","CBR 900 RR1"
"2016010000109","2016","1","9","0","9","9","3","1","0","1","4","1","1","6","1","4","1598","1","12","1","1","VOLKSWAGEN","TOURAN SE FSI"
"2016010000109","2016","2","9","0","18","0","3","0","0","0","0","0","1","1","1","7","2993","2","1","4","1","BMW","530D AC AUTO"
"2016010000110","2016","1","9","0","6","0","1","0","0","3","0","4","1","1","1","7","-1","-1","-1","-1","1",\0,\0
"2016010000110","2016","2","9","0","3","0","1","0","10","3","0","1","1","6","3","-1","-1","-1","-1","-1","-1",\0,\0
"2016010000114","2016","1","9","0","12","0","0","0","0","0","0","1","1","3","1","5","1968","2","11","1","1","AUDI","A3 SE TD AUTO"
"2016010000114","2016","2","9","0","4","0","0","0","0","0","0","2","1","1","1","8","-1","-1","-1","6","1",\0,\0
"2016010000114","2016","3","19","0","4","0","0","0","0","0","0","3","1","1","1","8","1968","2","-1","9","3","VOLKSWAGEN","CRAFTER CR35 TDI"
"2016010000115","2016","1","19","0","7","0","2","0","0","0","0","4","1","2","1","8","1997","2","-1","8","1","PEUGEOT","BOXER 335 PRO L2H2 BLUE HDI"
"2016010000115","2016","2","1","0","15","0","2","0","0","1","0","1","1","2","1","5","-1","-1","-1","3","1",\0,\0
"2016010000116","2016","1","19","0","9","0","5","0","0","0","0","1","1","1","1","6","2198","2","2","-1","-1","FORD","TRANSIT 125 T350 RWD"
"2016010000116","2016","2","5","0","18","0","1","0","0","0","0","1","1","6","1","5","-1","-1","-1","7","1",\0,\0
"2016010000117","2016","1","9","0","18","0","0","0","0","0","0","1","1","6","1","7","1995","2","13","5","1","VAUXHALL","ZAFIRA ELEGANCE DTI"
"2016010000117","2016","2","1","0","4","0","0","0","0","0","0","1","1","6","1","7","-1","-1","-1","6","1",\0,\0
"2016010000119","2016","1","19","0","3","0","4","0","0","0","0","1","1","1","1","8","1998","2","13","3","1","FORD","TRANSIT 280 SWB TD"
"2016010000120","2016","1","11","0","18","9","1","0","4","2","2","1","1","6","1","9","9360","2","6","4","1","VOLVO","Missing"
"2016010000120","2016","2","11","0","18","0","1","0","0","0","0","2","1","6","1","8","4500","2","7","4","1","ALEXANDER DENNIS","Missing"
"2016010000120","2016","3","9","0","3","0","1","0","4","0","0","2","1","1","2","6","-1","-1","-1","1","1",\0,\0
"2016010000121","2016","1","11","0","7","0","6","0","0","0","0","1","1","1","1","7","4500","2","6","5","1","ALEXANDER DENNIS","Missing"
"2016010000122","2016","1","9","0","7","0","1","0","0","0","0","1","1","6","1","10","-1","-1","-1","-1","1",\0,\0
"2016010000124","2016","1","9","0","18","0","8","0","11","0","0","1","1","2","1","5","-1","-1","-1","-1","1",\0,\0
"2016010000125","2016","1","8","0","18","0","6","0","0","0","0","1","1","1","1","7","1997","2","2","3","1","FORD","GALAXY ZETEC TDCI AUTO"
"2016010000125","2016","2","4","0","9","0","8","0","0","0","0","3","1","2","1","8","471","1","3","3","1","Honda","CB 500 XA-D"
"2016010000126","2016","1","9","0","18","0","0","0","0","0","0","3","1","3","2","7","1240","1","13","1","1","NISSAN","MICRA S"
"2016010000126","2016","2","21","1","18","0","0","1","0","0","0","1","1","1","1","8","11967","2","5","3","1","MERCEDES","Missing"
"2016010000129","2016","1","9","0","18","0","1","0","0","0","0","3","1","3","2","8","1998","1","9","2","1","HONDA","ACCORD EX I-VTEC"
"2016010000129","2016","2","9","0","9","0","2","0","0","0","0","1","1","1","2","8","1399","2","11","3","1","FORD","FIESTA ZETEC CLIMATE D"
"2016010000130","2016","1","9","0","5","0","2","0","0","0","0","1","1","6","2","4","-1","-1","-1","-1","1",\0,\0
"2016010000132","2016","1","4","0","5","0","1","0","0","0","0","1","1","6","1","5","124","1","8","2","1","YAMAHA","YZF R125"
"2016010000134","2016","1","11","0","18","0","1","0","0","0","0","1","1","1","2","6","4500","2","8","6","1","ALEXANDER DENNIS","Missing"
"2016010000134","2016","2","19","0","5","0","6","0","0","0","0","3","1","1","1","7","2299","2","-1","6","1","VAUXHALL","MOVANO F3500 L2H1 CDTI"
"2016010000135","2016","1","19","0","4","0","1","0","0","0","0","2","1","1","1","6","1598","2","1","6","1","VAUXHALL","VIVARO 2900 SPORTIVE CDTI"
"2016010000135","2016","2","9","0","18","0","1","0","0","0","0","1","1","6","2","7","1796","1","6","3","1","VAUXHALL","ZAFIRA DESIGN"
"2016010000138","2016","1","9","0","18","0","0","0","0","0","0","1","1","6","2","6","1198","1","3","8","1","NISSAN","MICRA ACENTA"
"2016010000138","2016","2","9","0","18","0","0","0","0","0","0","1","1","6","2","8","1198","1","12","6","1","VOLKSWAGEN","POLO TWIST"
"2016010000138","2016","3","9","0","2","0","0","0","0","0","0","3","1","6","3","-1","1968","2","10","-1","-1","AUDI","A6 SE TDI"
"2016010000138","2016","4","9","0","2","0","0","0","0","0","0","3","1","6","3","-1","1197","1","3","-1","-1","VOLKSWAGEN","GOLF S BLUEMOTION TECHN-GY TSI"
"2016010000140","2016","1","11","0","5","0","0","0","0","0","0","0","1","1","1","7","-1","-1","-1","2","1",\0,\0
"2016010000141","2016","1","9","0","9","0","7","0","0","0","0","1","1","6","1","7","1596","1","12","1","1","FORD","FOCUS ZETEC AUTO"
"2016010000141","2016","2","4","0","18","0","5","0","0","0","0","1","1","6","1","4","-1","-1","-1","2","1",\0,\0
"2016010000143","2016","1","4","0","18","0","0","0","11","0","0","1","1","1","1","5","125","1","4","3","1","Honda","CBF 125 M-B"
"2016010000146","2016","1","11","0","4","0","8","0","0","0","0","0","1","1","1","9","4500","2","-1","2","1","WRIGHTBUS","NEW BUS FOR LONDON"
"2016010000147","2016","1","3","0","18","0","1","0","0","0","0","3","1","2","1","5","49","1","3","3","1","Skyteam","06 MONKEY 50"
"2016010000147","2016","2","9","0","9","0","1","0","0","0","0","3","1","6","1","9","1596","1","7","5","1","FORD","FOCUS TITANIUM 100"
"2016010000153","2016","1","19","0","7","0","8","0","0","0","0","4","1","1","1","8","-1","-1","-1","-1","1",\0,\0
"2016010000153","2016","2","1","0","18","0","8","0","0","0","0","1","1","6","2","5","-1","-1","-1","-1","1",\0,\0
"2016010000154","2016","1","9","0","9","0","5","0","0","0","0","1","1","6","2","8","1400","2","9","2","1","MAZDA","2 ANTARES TD"
"2016010000154","2016","2","3","0","13","0","1","0","0","0","0","1","1","6","1","4","125","1","5","4","1","Honda","CBF 125 M-B"
"2016010000157","2016","1","9","0","9","0","0","0","0","0","0","4","2","6","2","5","1598","1","8","9","1","VAUXHALL","ASTRA LIFE A/C"
"2016010000157","2016","2","5","0","18","0","0","0","0","0","0","1","1","6","1","9","599","1","26","4","1","SUZUKI","Missing"
"2016010000159","2016","1","8","0","7","0","5","0","0","0","0","4","1","1","1","9","1997","2","1","8","1","FORD","GALAXY ZETEC TDCI AUTO"
"2016010000159","2016","2","1","0","15","0","8","0","0","0","0","1","1","6","1","6","-1","-1","-1","6","1",\0,\0
"2016010000161","2016","1","9","0","18","0","2","0","0","0","0","1","1","6","1","6","-1","-1","-1","-1","1",\0,\0
"2016010000161","2016","2","9","0","4","0","2","0","0","0","0","2","1","6","2","8","-1","-1","-1","-1","1",\0,\0
"2016010000162","2016","1","5","0","13","0","1","0","0","0","0","4","1","6","1","7","883","1","12","2","1","HARLEY-DAVIDSON","XL 53 C SPORTSTER"
"2016010000162","2016","2","9","0","9","0","5","0","0","0","0","3","1","6","1","7","2494","1","12","1","1","BMW","X3 SE AUTO"
"2016010000163","2016","1","9","0","12","0","1","0","0","0","0","3","1","2","1","5","1995","2","4","2","1","BMW","116D SPORT"
"2016010000163","2016","2","4","0","18","0","1","0","0","0","0","4","1","2","1","8","750","1","1","4","1","Suzuki","GSXR 750 L5"
"2016010000167","2016","1","8","0","5","0","6","0","0","0","0","3","1","1","1","8","1798","8","2","4","1","TOYOTA","PRIUS T3 VVT-I CVT"
"2016010000167","2016","2","1","0","5","0","6","0","0","0","0","2","1","2","2","8","-1","-1","-1","3","1",\0,\0
"2016010000169","2016","1","11","0","9","0","3","0","0","0","0","0","1","6","2","7","4250","2","2","6","1","OPTARE","METROCITY MC990 AUTO"
"2016010000171","2016","1","11","0","4","2","1","0","0","0","0","0","1","1","1","9","9360","2","6","7","1","VOLVO","Missing"
"2016010000172","2016","1","9","0","18","9","0","1","4","1","2","1","1","6","1","11","1124","1","20","2","1","PEUGEOT","106 ESCAPADE"
"2016010000174","2016","1","8","0","6","0","0","0","0","0","0","3","1","1","1","8","-1","-1","-1","-1","1",\0,\0
"2016010000174","2016","2","3","0","14","0","0","0","0","0","0","4","1","2","1","6","-1","-1","-1","-1","1",\0,\0
"2016010000175","2016","1","3","0","18","0","1","0","0","0","0","1","1","6","1","6","125","1","3","-1","-1","Honda","WW 125-D"
"2016010000176","2016","1","9","0","18","0","1","0","0","0","0","1","1","6","2","7","-1","-1","-1","-1","1",\0,\0
"2016010000178","2016","1","9","0","4","0","1","0","0","0","0","4","1","2","1","6","1360","1","14","4","1","PEUGEOT","206 LX AUTO"
"2016010000178","2016","2","9","0","9","0","8","0","0","1","0","3","1","6","1","9","1560","2","-1","3","1","PEUGEOT","308 ACCESS BLUE HDI S/S"
"2016010000179","2016","1","4","0","18","0","6","0","0","0","0","1","1","6","1","6","125","1","3","5","1","Honda","WW 125 EX2-C"
"2016010000180","2016","1","9","0","18","0","5","5","11","0","0","1","1","2","1","8","2987","2","-1","7","1","MERCEDES","S 350 D L SE EXECUTIVE AUTO"