"Accident_Index","accyr","Vehicle_Reference","Vehicle_Type","Towing_and_Articulation","Vehicle_Manoeuvre","Vehicle_Location-Restricted_Lane","Junction_Location","Skidding_and_Overturning","Hit_Object_in_Carriageway","Vehicle_Leaving_Carriageway","Hit_Object_off_Carriageway","1st_Point_of_Impact","Was_Vehicle_Left_Hand_Drive","Journey_Purpose_of_Driver","Sex_of_Driver","Age_Band_of_Driver","Engine_Capacity_(CC)","Propulsion_Code","Age_of_Vehicle","Driver_IMD_Decile","Driver_Home_Area_Type","make","model"
"2016010000428","2016","2","9","0","18","0","0","0","0","1","4","2","1","6","1","7","998","1","17","1","1","TOYOTA","YARIS GS"
"2016010000428","2016","3","8","0","18","0","0","0","0","1","0","1","1","1","1","5","2143","12","3","4","1","MERCEDES","E300 AMG SPORT BLUETEC HYBRIDA"
"2016010000429","2016","1","9","0","18","0","0","0","0","0","0","1","1","2","1","10","1796","1","6","9","1","MERCEDES","C180 BLUE-CY EXEC SECGI A"
"2016010000433","2016","1","9","0","18","0","1","0","0","0","0","2","1","6","1","9","1587","1","10","7","1","PEUGEOT","307 SPORT S-A"
"2016010000433","2016","2","9","0","4","0","4","0","0","0","0","4","1","6","2","7","1598","1","6","4","1","RENAULT","MEGANE I-MUSIC VVT"
"2016010000433","2016","3","9","0","13","0","1","0","0","0","0","1","1","6","3","-1","1896","2","10","-1","-1","AUDI","A3 TDI"
"2016010000436","2016","1","9","0","2","0","1","0","0","0","0","2","1","6","3","-1","-1","-1","-1","-1","-1",\0,\0
"2016010000436","2016","2","9","0","18","0","1","0","4","0","0","1","1","6","1","7","-1","-1","-1","-1","-1","NISSAN","NAVARA D/C AVENTURA DCI A"
"2016010000437","2016","1","9","5","17","0","0","5","0","0","0","1","1","6","1","6","1248","2","8","-1","-1","VAUXHALL","CORSA SXI A/C CDTI"
"2016010000438","2016","1","9","0","18","0","0","0","10","3","10","1","1","6","1","7","-1","-1","-1","-1","-1",\0,\0
"2016010000439","2016","1","9","0","9","0","2","1","11","0","0","1","1","6","1","4","1598","1","8","9","1","VOLKSWAGEN","GOLF MATCH FSI 115"
"2016010000441","2016","1","9","0","18","0","8","0","0","0","0","1","1","6","1","7","2494","1","15","2","1","BMW","325Ci"
"2016010000441","2016","2","9","0","9","0","8","0","0","0","0","4","1","6","1","9","1995","2","10","3","1","BMW","320D SE AUTO"
"2016010000444","2016","1","9","0","18","0","0","1","0","1","10","1","1","6","1","-1","1596","1","12","-1","-1","FIAT","STILO ACTIVE SPORT 16V"
"2016010000445","2016","1","9","0","9","0","0","0","0","1","10","1","1","6","2","4","1242","1","6","3","1","FORD","Missing"
"2016010000446","2016","1","9","0","18","0","5","0","7","7","10","4","1","6","2","10","1598","1","17","4","1","RENAULT","MEGANE CLASSIC RT ALIZE A"
"2016010000446","2016","2","9","0","18","0","2","0","0","0","0","3","1","6","3","-1","-1","-1","-1","-1","-1",\0,\0
"2016010000447","2016","1","9","0","7","0","0","0","0","1","10","1","1","6","1","6","5461","1","1","4","1","MERCEDES","AMG GLE 63 S PREMIUM 4MATIC A"
"2016010000449","2016","1","9","0","5","0","1","0","0","0","0","1","1","6","1","5","1598","2","1","3","1","NISSAN","QASHQAI ACENTA PREMIUM DCI"
"2016010000452","2016","1","2","0","18","0","1","2","0","0","0","0","1","6","1","-1","-1","-1","-1","-1","-1","Piaggio","MP3 SPORT TOURING LT 500"
"2016010000453","2016","1","9","0","7","0","5","0","0","0","0","1","2","6","3","-1","-1","-1","-1","-1","-1",\0,\0
"2016010000454","2016","1","9","0","5","0","6","0","0","0","0","1","1","1","1","9","1796","1","18","5","1","VOLKSWAGEN","PASSAT SE 20V"
"2016010000454","2016","2","5","0","18","0","1","0","0","0","0","4","1","2","1","6","689","1","1","7","1","Yamaha","MT - 07 ABS"
"2016010000455","2016","1","9","0","18","0","8","0","0","0","0","1","1","6","2","6","1997","2","3","6","1","FORD","S-MAX TITANIUM TDCI 138"
"2016010000455","2016","2","9","0","9","0","6","0","0","0","0","2","1","6","1","5","1997","2","15","2","1","CITROEN","XSARA PICASSO SX HDI"
"2016010000456","2016","1","9","0","9","0","1","0","0","0","0","1","1","6","1","6","1753","2","14","5","1","FORD","FOCUS LX TD DI"
"2016010000457","2016","1","9","0","18","0","4","0","0","0","0","1","1","6","2","9","1390","1","4","3","1","VOLKSWAGEN","POLO MATCH S-A"
"2016010000457","2016","2","9","0","18","0","4","0","0","0","0","4","1","1","1","7","2993","2","4","5","1","LAND ROVER","DISCOVERY HSE SDV6 AUTO"
"2016010000457","2016","3","9","0","4","0","4","0","0","0","0","1","1","6","2","8","2143","2","2","8","1","MERCEDES","C220 AMG SPORT + CDI BLUE-CY A"
"2016010000459","2016","1","9","0","4","0","0","0","0","0","0","3","1","6","1","6","4200","2","16","1","1","TOYOTA","LAND CRUISER"
"2016010000460","2016","1","9","0","18","0","8","0","0","0","0","1","1","6","3","-1","-1","-1","-1","-1","-1",\0,\0
"2016010000460","2016","2","9","0","18","0","1","0","0","1","0","4","1","6","1","6","-1","-1","-1","-1","1",\0,\0
"2016010000460","2016","3","9","0","18","0","1","0","0","0","0","2","1","6","1","8","-1","-1","-1","-1","1",\0,\0
"2016010000461","2016","1","19","0","7","0","0","0","0","0","0","0","1","2","1","7","2198","2","1","2","1","FORD","TRANSIT CUSTOM 270 TREND ETECH"
"2016010000461","2016","2","3","0","18","0","0","0","0","0","0","4","1","6","1","8","124","1","1","2","1","Piaggio","FLY 125 3V"
"2016010000462","2016","1","9","0","18","0","0","0","0","0","0","2","1","6","1","8","2597","1","13","6","1","MERCEDES","CLK 240 AVANTGARDE AUTO"
"2016010000462","2016","2","9","0","18","0","0","0","0","0","0","1","1","6","1","4","1398","1","4","6","1","VAUXHALL","CORSA SXI AC AUTO"
"2016010000463","2016","1","9","0","3","0","2","0","0","0","0","2","1","6","1","7","-1","-1","-1","-1","1",\0,\0
"2016010000463","2016","2","5","0","18","0","2","0","0","0","0","1","1","6","1","7","-1","-1","-1","-1","1",\0,\0
"2016010000464","2016","1","9","0","18","0","0","1","0","0","0","3","1","2","2","7","2967","2","7","9","1","AUDI","Q7 S LINE TDI QUATTRO A"
"2016010000464","2016","2","9","0","18","0","0","1","0","0","0","3","1","6","1","10","-1","-1","-1","6","1","FORD","RANGER THUNDER TDCI A"
"2016010000465","2016","1","3","0","18","0","1","0","0","0","0","4","1","6","1","4","125","1","-1","1","1","Honda","GLR 125 1WH-F"
"2016010000465","2016","2","9","0","9","0","1","0","0","0","0","3","1","6","1","6","2987","2","4","9","1","MERCEDES","CLS350 CDI BLUEEFFIC-Y SPORT A"
"2016010000467","2016","1","9","0","18","0","1","0","0","1","2","1","1","6","1","5","1598","2","1","2","1","AUDI","A3 SE TECHNIK TDI"
"2016010000470","2016","1","11","0","4","0","2","0","0","0","0","0","1","1","1","6","6700","2","4","3","1","ALEXANDER DENNIS","Missing"
"2016010000471","2016","1","9","0","18","0","7","0","0","0","0","2","1","6","1","7","2967","2","10","2","1","AUDI","A8L SE TDI QUATTRO AUTO"
"2016010000471","2016","2","2","0","18","0","7","0","0","0","0","1","1","6","1","5","49","1","10","2","1","PEUGEOT","LUDIX ELEGANCE"
"2016010000472","2016","1","9","0","4","0","0","0","0","3","0","1","1","6","2","8","-1","-1","-1","-1","1",\0,\0
"2016010000473","2016","1","9","0","7","0","4","0","10","1","2","1","1","6","2","7","1198","1","2","5","1","NISSAN","MICRA ACENTA CVT"
"2016010000474","2016","1","11","0","18","0","8","0","0","0","0","0","1","1","1","9","6700","2","5","-1","-1","ALEXANDER DENNIS","Missing"
"2016010000476","2016","1","9","0","18","0","1","0","0","0","0","1","1","1","1","5","1368","1","9","8","1","FIAT","PUNTO DYNAMIC"
"2016010000476","2016","2","9","0","18","0","1","0","0","0","0","1","2","6","2","6","1596","1","4","3","1","FORD","GRAND C-MAX ZETEC"
"2016010000478","2016","1","11","0","5","0","8","0","0","0","0","0","1","1","1","8","5132","2","-1","3","1","VOLVO","Missing"
"2016010000479","2016","1","19","0","3","0","0","0","0","0","0","3","1","1","1","5","-1","-1","-1","-1","1",\0,\0
"2016010000479","2016","2","3","0","14","0","0","0","4","0","0","1","1","1","1","5","-1","-1","-1","-1","1",\0,\0
"2016010000481","2016","1","9","0","10","0","1","0","0","0","0","3","1","6","1","6","1499","2","2","3","1","FORD","FOCUS ZETEC TDCI"
"2016010000481","2016","2","3","0","18","0","8","1","0","0","0","3","1","6","1","4","108","1","2","2","1","Honda","NSC 110 E-E"
"2016010000482","2016","1","9","0","5","0","1","0","0","0","0","1","1","6","1","5","1596","1","11","2","1","BMW","116i SE"
"2016010000482","2016","2","9","0","3","0","1","0","0","0","0","2","1","6","1","6","1896","2","12","8","1","VOLKSWAGEN","PASSAT HIGHLINE TDI 130 A"
"2016010000483","2016","1","9","0","18","0","6","0","0","0","0","1","1","6","3","-1","-1","-1","-1","-1","-1",\0,\0
"2016010000484","2016","1","9","0","18","0","1","-1","4","0","0","1","1","6","1","6","-1","-1","-1","-1","1",\0,\0
"2016010000484","2016","2","9","0","2","0","1","0","0","0","0","2","1","6","3","-1","-1","-1","-1","-1","-1",\0,\0
"2016010000485","2016","1","9","0","4","0","0","0","0","0","0","2","1","6","2","6","1242","1","7","7","1","FORD","KA STYLE PLUS"
"2016010000485","2016","2","2","0","18","0","0","0","0","0","0","1","1","6","1","4","49","1","-1","6","1","Peugeot","SPEEDFIGHT 4 50 LC PURE"
"2016010000486","2016","1","2","0","18","0","2","5","0","0","0","1","1","6","1","7","125","1","3","5","1","Honda","SH 125 AD-D"
"2016010000487","2016","1","9","0","16","0","0","1","0","0","0","1","1","6","1","6","1390","1","14","8","1","RENAULT","CLIO DYNAMIQUE + 16V"
"2016010000488","2016","1","9","0","7","0","1","0","0","0","0","2","1","2","1","7","-1","-1","-1","-1","1",\0,\0
"2016010000488","2016","2","5","0","18","0","1","0","0","0","0","1","1","6","1","6","-1","-1","-1","-1","-1",\0,\0
"2016010000490","2016","1","9","0","9","0","6","0","0","0","0","1","1","6","2","7","1560","2","5","7","1","FORD","FOCUS SPORT TDCI"
"2016010000490","2016","2","9","0","14","0","1","0","0","0","0","1","1","6","2","6","-1","-1","-1","3","1",\0,\0
"2016010000491","2016","1","4","0","10","0","1","0","0","0","0","4","1","1","1","5","124","1","3","1","1","YAMAHA","XC 125 E VITY"
"2016010000491","2016","2","9","0","9","0","6","0","0","0","0","1","1","1","1","6","1968","2","1","8","1","AUDI","A4 SE TECHNIK TDI CVT"
"2016010000492","2016","1","9","0","4","0","1","0","0","0","0","2","1","6","1","8","1896","2","10","1","1","VOLKSWAGEN","SHARAN S TDI 115 AUTO"
"2016010000492","2016","2","9","0","18","0","1","0","0","0","0","1","1","6","1","6","1596","1","5","5","1","FORD","FOCUS TITANIUM 125"
"2016010000494","2016","1","9","0","4","0","0","0","0","0","0","2","1","6","2","7","-1","-1","-1","-1","1",\0,\0
"2016010000494","2016","2","9","0","18","0","0","0","0","0","0","1","1","6","3","-1","-1","-1","-1","-1","-1",\0,\0
"2016010000495","2016","1","9","0","3","0","1","0","0","0","0","3","1","6","1","10","1794","1","13","6","1","TOYOTA","AVENSIS  T3-X"
"2016010000495","2016","2","3","0","14","0","1","0","8","0","0","3","1","6","1","5","125","1","7","4","1","HONDA","CBF 125 M-9"
"2016010000496","2016","1","9","0","9","0","5","0","0","0","0","3","1","6","1","8","1389","1","17","9","1","VAUXHALL","ASTRA ENVOY 16V"
"2016010000496","2016","2","9","0","18","0","1","0","0","0","0","1","1","6","1","6","-1","-1","-1","9","1",\0,\0
"2016010000497","2016","1","10","0","5","0","2","0","0","0","0","4","2","6","1","6","-1","-1","-1","-1","-1",\0,\0
"2016010000498","2016","1","3","0","18","0","1","0","0","0","0","3","1","6","1","5","125","1","8","1","1","HONDA","PES 125-8"
"2016010000498","2016","2","9","0","6","0","1","0","0","0","0","1","1","6","3","-1","1499","2","-1","-1","-1","FORD","FOCUS ZETEC TDCI"
"2016010000499","2016","1","9","0","9","0","8","0","0","0","0","4","1","1","1","8","-1","-1","-1","2","1","VAUXHALL","ASTRA SPORTIVE CDTI"
"2016010000500","2016","1","9","0","18","0","1","0","0","0","0","0","1","6","1","6","-1","-1","-1","-1","1",\0,\0
"2016010000500","2016","2","9","0","9","0","1","0","0","0","0","0","1","6","1","8","-1","-1","-1","-1","-1",\0,\0
"2016010000501","2016","1","9","0","4","0","1","0","0","0","0","4","2","6","2","5","1388","1","6","2","1","FORD","FIESTA ZETEC AUTO"
"2016010000502","2016","1","9","0","9","0","1","0","0","0","0","1","1","6","1","6","2143","2","1","9","1","MERCEDES","C250 AMG LINE PREM + BLUETEC A"
"2016010000502","2016","2","4","0","18","0","6","0","0","0","0","1","1","6","1","6","659","1","5","1","1","YAMAHA","XT 660 X"
"2016010000503","2016","1","9","0","12","0","0","2","10","1","0","1","1","6","1","5","1598","1","3","2","1","BMW","116I SPORT"
"2016010000504","2016","1","11","0","4","0","6","0","0","0","0","0","1","1","1","6","6692","2","7","6","1","OTHER BRITISH","Missing"
"2016010000505","2016","1","8","0","9","0","1","0","0","0","0","3","1","6","1","8","1968","2","5","4","1","VOLKSWAGEN","SHARAN S BLUEMOTION TDI S-A"
"2016010000505","2016","2","1","0","18","0","1","0","0","0","0","1","1","6","1","9","-1","-1","-1","7","1",\0,\0
"2016010000506","2016","1","9","0","9","0","1","0","11","0","0","1","1","6","1","8","1364","1","9","9","1","VAUXHALL","CORSA CLUB A/C AUTO"
"2016010000506","2016","2","3","0","18","0","2","0","0","0","0","1","1","6","1","7","125","1","-1","3","1","KYMCO","AGILITY 125"
"2016010000507","2016","1","9","0","18","0","1","0","0","0","0","1","1","6","1","6","1991","1","-1","2","1","MERCEDES","C200 SE EXECUTIVE AUTO"
"2016010000509","2016","1","9","0","18","0","0","0","0","0","0","1","1","6","3","-1","-1","-1","-1","-1","-1",\0,\0
"2016010000511","2016","1","8","0","5","0","0","0","0","0","0","0","1","6","3","-1","-1","-1","-1","-1","-1",\0,\0
"2016010000513","2016","1","9","0","1","0","1","0","0","0","0","2","1","1","1","5","1582","2","3","5","1","HYUNDAI","I30 CLASSIC CRDI"
"2016010000513","2016","2","11","0","5","0","1","0","0","0","0","1","1","1","1","6","4500","2","7","5","1","ALEXANDER DENNIS","Missing"
"2016010000514","2016","1","9","0","18","0","1","0","4","0","0","4","1","6","1","4","1600","1","11","4","1","VOLKSWAGEN","GOLF SE AUTO"
"2016010000514","2016","2","9","0","2","6","1","0","0","0","0","3","1","6","3","-1","1497","8","8","-1","-1","TOYOTA","PRIUS T3 VVT-I AUTO"
"2016010000515","2016","1","9","0","10","0","5","0","0","0","0","1","1","6","2","7","1588","1","12","2","1","ROVER","45 CONNOISSEUR CVT"
"2016010000516","2016","1","9","0","18","0","2","0","0","0","0","1","1","6","1","9","-1","-1","-1","-1","-1",\0,\0
"2016010000517","2016","1","9","0","1","0","1","0","0","0","0","2","1","1","1","9","-1","-1","-1","4","1","MERCEDES","SPRINTER 311 CDI MWB"
"2016010000517","2016","2","2","0","3","0","1","0","0","0","0","1","1","6","1","5","599","1","9","2","1","YAMAHA","FZ6 S2"
"2016010000518","2016","1","9","0","16","0","1","1","10","1","4","1","1","6","1","5","1598","1","14","8","1","MINI","MINI COOPER"
"2016010000519","2016","1","4","0","13","0","8","5","0","0","0","1","1","6","1","5","125","1","-1","2","1","HONDA","NSS 125 AD-F"
"2016010000519","2016","2","9","0","9","0","8","0","0","0","0","3","1","6","1","5","1461","2","2","7","1","MERCEDES","A180 BLUEEFFICIENCY SE CDI"
"2016010000522","2016","1","9","0","9","0","3","0","0","0","0","4","1","6","1","6","1560","2","10","1","1","FORD","FOCUS LX TDCI"
"2016010000522","2016","2","9","0","18","0","4","0","0","0","0","1","1","6","1","11","1599","1","11","1","1","HYUNDAI","MATRIX GSI AUTO"
"2016010000523","2016","1","9","0","18","0","8","0","0","0","0","1","1","6","3","-1","1390","1","5","-1","-1","VOLKSWAGEN","GOLF MATCH TSI DSG"
"2016010000524","2016","1","8","0","4","0","2","0","0","0","0","4","1","1","1","6","1956","2","3","1","1","VAUXHALL","INSIGNIA EXCLUSIV CDTI AUTO"
"2016010000524","2016","2","4","0","15","0","8","0","0","0","0","3","1","6","1","6","125","1","-1","5","1","SYM","AZ SYMPHONY SR 125"
"2016010000526","2016","1","5","0","11","0","0","0","0","0","0","1","1","2","1","5","689","1","1","7","1","Yamaha","MT - 07 ABS"
"2016010000526","2016","2","9","0","18","0","0","0","0","0","0","2","1","1","1","8","-1","-1","-1","7","1",\0,\0
"2016010000527","2016","1","9","0","18","0","0","0","0","0","0","2","1","6","1","7","1991","2","6","2","1","CHEVROLET","CAPTIVA LT 7S VCDI A"
"2016010000527","2016","2","9","0","18","0","0","0","0","0","0","2","1","6","2","6","1587","1","15","1","1","PEUGEOT","307 LX 16V"
"2016010000527","2016","3","9","0","18","0","0","0","0","0","0","1","1","6","1","6","1769","1","14","3","1","NISSAN","PRIMERA S AUTO"
"2016010000529","2016","1","9","0","15","0","1","0","0","0","0","1","1","6","2","10","-1","-1","-1","9","1",\0,\0
"2016010000531","2016","1","9","0","18","0","0","0","0","0","0","1","1","6","3","-1","1598","1","13","-1","-1","TOYOTA","COROLLA TSPIRIT VVTI AUTO"
"2016010000533","2016","1","9","0","6","0","0","0","0","1","1","2","1","6","1","5","1496","2","-1","3","1","BMW","116D M SPORT AUTO"
"2016010000533","2016","2","3","0","13","0","0","0","0","0","0","1","1","1","1","6","125","1","3","2","1","Honda","FES 125 A-C"
"2016010000534","2016","1","3","0","18","0","1","0","0","0","0","1","1","6","1","6","124","1","6","9","1","YAMAHA","NXC 125 CYGNUS"
"2016010000534","2016","2","9","0","9","0","6","0","0","0","0","3","1","6","3","-1","2993","2","9","-1","-1","BMW","525D SE"
"2016010000535","2016","1","9","0","18","0","3","0","0","0","0","4","1","1","1","6","1896","2","8","3","1","VOLKSWAGEN","SHARAN SE TDI 115"
"2016010000535","2016","2","8","0","7","0","4","0","0","0","0","3","1","1","1","8","1798","8","1","5","1","TOYOTA","PRIUS T3 VVT-I CVT"
"2016010000536","2016","1","9","0","7","0","3","0","0","0","0","1","1","6","1","9","1798","1","10","2","1","MAZDA","6 TS"
"2016010000536","2016","2","8","0","18","0","4","0","0","0","0","1","1","1","1","8","1997","2","2","1","1","FORD","GALAXY ZETEC TDCI AUTO"
"2016010000538","2016","1","9","0","18","9","5","1","0","1","2","1","2","6","1","5","-1","-1","-1","4","1",\0,\0
"2016010000541","2016","1","9","0","1","0","1","0","0","0","0","2","2","6","1","9","1896","2","12","-1","-1","VOLKSWAGEN","TOURAN S TDI"
"2016010000544","2016","1","9","0","18","0","0","0","0","0","0","1","1","6","3","-1","-1","-1","-1","-1","-1",\0,\0
"2016010000545","2016","1","4","0","18","0","1","0","0","0","0","3","1","6","1","8","399","1","24","7","1","HONDA","Missing"
"2016010000545","2016","2","9","0","9","0","6","0","0","0","0","0","1","6","1","7","1199","1","18","2","1","VAUXHALL","CORSA LS 16V AUTO"
"2016010000546","2016","1","9","0","9","0","3","0","0","0","0","1","1","6","1","6","1248","2","8","4","1","VAUXHALL","CORSA CLUB A/C CDTI"
"2016010000546","2016","2","1","0","18","0","3","0","0","0","0","1","1","6","2","8","-1","-1","-1","4","1",\0,\0
"2016010000547","2016","1","9","0","18","0","8","0","0","0","0","4","1","6","2","11","1996","1","15","6","1","CHRYSLER","PT CRUISER LIMITED EDITION A"
"2016010000547","2016","2","9","0","9","0","8","0","0","0","0","1","1","6","2","5","1229","1","9","4","1","VAUXHALL","CORSA CLUB S-A"
"2016010000548","2016","1","9","0","9","0","2","0","0","0","0","4","1","6","1","10","2987","2","3","5","1","MERCEDES","S350 BLUETEC B-FCY L CDI AUTO"
"2016010000548","2016","2","5","0","18","0","8","0","0","0","0","1","1","6","1","6","1299","1","13","8","1","SUZUKI","GSX 1300 RZK3"
"2016010000550","2016","1","9","0","18","0","1","0","0","0","0","2","1","6","1","6","2143","2","1","9","1","MERCEDES","C220 SE EXECUTIVE BLUETEC AUTO"
"2016010000550","2016","2","9","0","3","0","2","0","0","0","0","2","1","6","1","8","998","1","3","8","1","FORD","FIESTA ZETEC"
"2016010000550","2016","3","9","0","3","0","1","0","0","0","0","2","1","6","1","6","1390","1","7","-1","-1","VOLKSWAGEN","GOLF S"
"2016010000551","2016","1","9","0","18","0","0","0","0","0","0","1","1","3","1","6","-1","-1","-1","3","1","LDV","400 CONVOY D LWB"
"2016010000552","2016","1","9","0","5","0","3","0","0","0","0","1","1","6","2","8","1598","1","8","4","1","VAUXHALL","ZAFIRA EXCLUSIV"
"2016010000552","2016","2","9","0","9","0","3","0","0","0","0","4","1","6","1","6","4163","1","4","10","1","AUDI","S5 FSI QUATTRO S-A"
"2016010000553","2016","1","9","0","5","0","8","0","0","0","0","0","1","6","3","-1","-1","-1","-1","-1","-1",\0,\0
"2016010000554","2016","1","8","0","9","0","8","0","0","0","0","0","1","1","1","8","-1","-1","-1","-1","1",\0,\0
"2016010000555","2016","1","9","0","4","0","2","0","0","0","0","1","1","6","1","8","1992","2","9","1","1","MERCEDES","B180 CDI SE CVT"
"2016010000555","2016","2","9","0","4","0","2","0","0","0","0","2","1","6","1","7","2393","1","16","4","1","AUDI","A6 QUATTRO SE"
"2016010000556","2016","1","8","0","4","0","4","0","0","0","0","1","1","1","1","10","-1","-1","-1","-1","1",\0,\0
"2016010000556","2016","2","1","0","18","0","4","0","0","0","0","1","1","6","1","5","-1","-1","-1","-1","1",\0,\0
"2016010000557","2016","1","9","0","18","0","1","0","0","0","0","1","1","6","1","9","1400","1","10","6","1","MAZDA","2 ANTARES"
"2016010000558","2016","1","90","0","18","0","1","0","0","0","0","1","1","1","1","8","2987","2","1","-1","-1","MERCEDES","SPRINTER 519 CDI"
"2016010000558","2016","2","9","5","9","0","2","0","0","0","0","2","1","6","1","7","999","1","8","4","1","SMART","FORTWO PASSION 71 AUTO"
"2016010000558","2016","3","9","5","3","0","2","0","0","0","0","0","1","6","1","9","1360","1","12","5","1","PEUGEOT","307 S 90"
"2016010000560","2016","1","9","0","5","0","2","0","11","0","0","0","1","6","2","5","2143","2","3","3","1","MERCEDES","E220 SE CDI BLUEEF-CY S/S A"
"2016010000562","2016","1","9","0","3","0","2","0","0","0","0","4","1","6","2","4","1229","1","2","10","1","VAUXHALL","CORSA LIMITED EDITION"
"2016010000563","2016","1","9","0","18","0","8","0","0","0","0","1","1","6","2","7","1995","1","7","4","1","BMW","116I SE AUTO"
"2016010000563","2016","2","9","0","18","0","8","0","0","0","0","3","1","6","2","6","1991","2","6","3","1","CHEVROLET","CAPTIVA LTZ VCDI AUTO"
"2016010000564","2016","1","9","0","3","0","7","0","0","0","0","2","1","6","1","7","1242","1","4","7","1","FORD","FIESTA ZETEC"
"2016010000564","2016","2","9","0","4","0","4","0","0","0","0","1","1","6","1","7","1360","1","11","6","1","PEUGEOT","206 VERVE"
"2016010000566","2016","1","9","0","18","0","8","0","11","0","0","1","1","6","1","7","1598","1","13","2","1","VAUXHALL","ASTRA CLUB AUTO"
"2016010000566","2016","2","9","0","18","0","8","0","11","0","0","4","1","6","2","6","1598","2","2","-1","-1","BMW","116D EFFICIENTDYNAMICS"
"2016010000568","2016","1","9","0","18","0","8","0","0","0","0","3","1","6","1","6","1598","1","5","2","1","CHEVROLET","CRUZE LS AUTO"