"Accident_Index","accyr","Vehicle_Reference","Vehicle_Type","Towing_and_Articulation","Vehicle_Manoeuvre","Vehicle_Location-Restricted_Lane","Junction_Location","Skidding_and_Overturning","Hit_Object_in_Carriageway","Vehicle_Leaving_Carriageway","Hit_Object_off_Carriageway","1st_Point_of_Impact","Was_Vehicle_Left_Hand_Drive","Journey_Purpose_of_Driver","Sex_of_Driver","Age_Band_of_Driver","Engine_Capacity_(CC)","Propulsion_Code","Age_of_Vehicle","Driver_IMD_Decile","Driver_Home_Area_Type","make","model"
"2016010000568","2016","2","9","0","9","0","6","0","0","0","0","1","1","6","2","7","2179","2","1","1","1","LAND ROVER","RANGE ROVER EVOQUE AUTOBI SD4A"
"2016010000569","2016","1","3","0","5","0","1","0","0","0","0","3","1","1","1","7","124","1","-1","1","1","Yamaha","YP 125 RA X-MAX ABS"
"2016010000569","2016","2","8","0","5","0","1","0","0","0","0","3","1","1","1","8","1997","2","7","4","1","FORD","GALAXY 16V AUTO"
"2016010000569","2016","3","9","0","5","0","1","0","0","0","0","1","1","6","2","10","1968","2","1","7","1","AUDI","Q5 S LINE + TDI QUATTRO AUTO"
"2016010000570","2016","1","3","0","18","0","0","0","0","0","0","1","1","6","1","5","124","1","3","1","1","YAMAHA","YBR 125"
"2016010000572","2016","1","9","0","9","0","6","0","0","0","0","3","1","6","1","5","2143","2","-1","6","1","MERCEDES","A 200 D SPORT PREMIUM AUTO"
"2016010000572","2016","2","9","0","18","0","1","0","-1","0","0","1","1","2","1","7","1995","2","6","5","1","BMW","320D SE BUSINESS EDITION"
"2016010000575","2016","1","9","0","9","0","8","0","0","0","0","4","1","3","2","8","-1","-1","-1","-1","1",\0,\0
"2016010000575","2016","2","9","0","18","0","8","0","0","0","0","1","1","6","1","5","-1","-1","-1","-1","1",\0,\0
"2016010000576","2016","1","9","0","9","0","6","0","11","0","0","1","1","6","1","8","1998","1","9","1","1","DODGE","CALIBER SXT A"
"2016010000577","2016","1","9","0","5","0","8","0","0","0","0","1","2","2","1","9","1997","2","6","4","1","FORD","KUGA ZETEC TDCI"
"2016010000578","2016","1","8","0","9","0","8","0","0","0","0","4","1","1","1","6","2499","2","1","2","1","LONDON TAXIS INT.","TX4 ELEGANCE AUTO"
"2016010000579","2016","1","9","0","5","0","1","0","0","0","0","1","2","6","2","7","1910","2","10","1","1","VAUXHALL","VECTRA EXCLUSIV CDTI 120"
"2016010000579","2016","2","8","0","18","0","8","0","0","0","0","3","2","1","1","8","1896","2","8","4","1","SKODA","OCTAVIA AM-NTE TDI PD DSG"
"2016010000582","2016","1","9","0","9","0","6","0","0","0","0","4","1","6","1","7","1318","1","-1","8","1","HONDA","JAZZ SE I-VTEC CVT"
"2016010000582","2016","2","1","0","10","0","1","0","0","0","0","3","1","6","2","6","-1","-1","-1","5","1",\0,\0
"2016010000583","2016","1","9","0","18","0","0","0","0","0","0","0","2","6","1","6","1591","1","4","8","1","HYUNDAI","IX35 GDI STYLE 2WD"
"2016010000584","2016","1","3","0","18","0","8","0","0","0","0","1","1","1","1","6","125","1","1","4","1","Honda","WW 125 EX2-F"
"2016010000584","2016","2","9","0","18","0","6","0","0","0","0","1","1","6","3","-1","1396","1","18","-1","-1","HONDA","CIVIC 1.4i SE"
"2016010000585","2016","1","3","0","4","0","0","0","0","0","0","0","1","6","1","6","125","1","5","4","1","Honda","WW 125 EX2-A"
"2016010000585","2016","2","9","0","18","0","0","0","0","0","0","1","1","6","2","8","1397","1","13","2","1","MERCEDES","A140 AVANTGARDE AUTO"
"2016010000586","2016","1","9","0","18","0","0","0","0","0","0","2","1","6","1","4","1496","2","1","3","1","BMW","116D SPORT"
"2016010000586","2016","2","3","0","18","0","0","0","0","0","0","1","1","6","1","4","125","1","6","3","1","Honda","WW 125 EX2-A"
"2016010000587","2016","1","9","0","5","0","1","0","0","0","0","3","1","6","1","4","1242","1","10","5","1","FORD","FIESTA STYLE CLIMATE"
"2016010000587","2016","2","9","0","5","0","1","0","0","0","0","1","1","6","1","9","2979","1","12","5","1","BMW","730 I SE AUTO"
"2016010000587","2016","3","9","0","5","0","1","0","0","0","0","1","1","6","2","9","1796","1","5","2","1","VAUXHALL","INSIGNIA EXCLUSIV"
"2016010000588","2016","1","8","0","9","0","1","0","0","0","0","1","1","1","1","8","2499","2","7","5","2","LONDON TAXIS INT.","TX4 SILVER AUTO"
"2016010000590","2016","1","3","0","18","0","1","0","11","0","0","3","1","6","1","9","113","1","1","2","1","Suzuki","UK 110 NX"
"2016010000592","2016","1","8","0","18","0","2","0","0","1","4","1","2","1","1","9","2499","2","3","9","1","LONDON TAXIS INT.","TX4 ELEGANCE AUTO"
"2016010000592","2016","2","2","0","13","0","1","0","0","0","0","0","1","6","3","-1","-1","-1","-1","-1","-1",\0,\0
"2016010000593","2016","1","9","0","9","0","8","0","0","0","0","1","1","6","1","6","1360","1","8","3","1","CITROEN","C3 COOL"
"2016010000593","2016","2","4","0","18","0","8","0","0","0","0","3","1","6","1","5","108","1","3","2","1","Honda","NSC 110 WH-B"
"2016010000594","2016","1","9","0","5","0","8","0","0","0","0","1","1","6","1","6","2143","2","5","9","1","MERCEDES","C200 SE ED 125 CDI BLUEEF-CY A"
"2016010000594","2016","2","9","0","5","0","8","1","0","0","0","2","1","6","1","7","1995","2","1","4","1","BMW","520D LUXURY AUTO"
"2016010000596","2016","1","9","0","4","0","8","0","0","0","0","2","1","6","2","6","1798","1","9","5","1","FORD","C-MAX STYLE"
"2016010000596","2016","2","9","0","17","0","8","0","0","0","0","1","1","6","3","-1","1248","2","8","-1","-1","VAUXHALL","CORSA BREEZE CDTI"
"2016010000597","2016","1","9","0","18","0","1","0","0","0","0","1","1","6","1","8","2993","2","11","3","1","BMW","535D SE TOURING AUTO"
"2016010000597","2016","2","9","0","4","0","8","0","0","7","0","4","1","6","2","8","1206","1","2","4","1","CHEVROLET","SPARK LTZ"
"2016010000597","2016","3","9","0","4","0","8","0","0","0","0","4","1","6","1","9","-1","-1","-1","5","1",\0,\0
"2016010000599","2016","1","9","0","9","0","6","0","0","0","0","3","1","6","2","11","1360","1","13","5","1","CITROEN","C3 SX AUTO"
"2016010000599","2016","2","5","0","18","0","8","5","0","0","0","1","1","6","1","4","649","1","9","-1","-1","KAWASAKI","KLE 650 B7F"
"2016010000602","2016","1","9","0","3","0","1","1","11","0","0","1","1","6","1","8","2979","1","11","4","1","BMW","X5 SPORT AUTO"
"2016010000605","2016","1","3","0","18","0","1","0","0","0","0","4","1","1","1","4","125","1","-1","3","1","Honda","SH 125 AD-G"
"2016010000605","2016","2","9","0","9","0","1","0","0","0","0","1","1","6","3","-1","-1","-1","-1","-1","-1",\0,\0
"2016010000607","2016","1","9","0","18","0","1","0","11","7","4","1","1","6","1","9","1246","1","8","10","1","HONDA","JAZZ S"
"2016010000608","2016","1","2","0","18","0","1","1","11","0","0","1","1","1","1","5","108","1","1","7","1","Honda","NSC 110 E-E"
"2016010000609","2016","1","9","0","18","0","1","0","0","0","0","4","1","6","1","5","2616","1","9","5","3","MAZDA","MAZDA RX-8 231 PS"
"2016010000610","2016","1","9","0","18","0","2","0","0","0","0","1","1","2","1","6","3189","1","11","3","1","PORSCHE","CAYENNE TIPTRONIC S"
"2016010000611","2016","1","9","0","9","0","6","0","0","0","0","3","1","6","2","7","2720","2","7","4","1","LAND ROVER","RANGE ROVER SP HSE TDV6 A"
"2016010000611","2016","2","4","0","18","0","1","2","0","0","0","1","1","6","1","6","124","1","6","2","1","YAMAHA","YBR 125"
"2016010000612","2016","1","4","0","13","0","1","0","0","0","0","4","1","2","1","6","125","1","12","4","1","HONDA","XL 125 V-4"
"2016010000612","2016","2","9","0","9","0","1","0","0","0","0","3","1","1","1","8","1998","1","14","9","1","HONDA","CR-V I-VTEC SE SPORT"
"2016010000613","2016","1","9","0","16","0","0","5","4","6","0","1","1","6","1","5","1988","1","14","2","1","FORD","FOCUS ST170"
"2016010000613","2016","2","9","0","2","0","0","0","0","0","0","3","1","6","3","-1","2996","1","10","-1","-1","BMW","630i SPORT AUTO"
"2016010000613","2016","3","9","0","2","0","0","0","0","0","0","2","1","6","3","-1","1997","1","15","-1","-1","HONDA","ACCORD VTEC SE EXEC AUTO"
"2016010000613","2016","4","9","0","2","0","0","0","0","0","0","3","1","6","3","-1","1364","1","7","-1","-1","VAUXHALL","ASTRA ACTIVE"
"2016010000614","2016","1","9","0","18","0","8","0","0","3","4","3","1","6","1","6","1995","1","15","-1","-1","BMW","318 I SE"
"2016010000614","2016","2","9","0","18","0","8","0","0","0","0","1","1","6","1","7","1753","2","9","3","1","FORD","GALAXY LX TDCI 100"
"2016010000615","2016","1","9","0","5","0","2","0","11","0","0","1","1","6","1","8","1398","1","1","1","1","VAUXHALL","CORSA SRI VX-LINE"
"2016010000617","2016","1","8","0","3","0","0","0","0","0","0","3","1","1","1","8","2987","2","2","1","1","MERCEDES","S350 L SE LINE EXEC B-TEC AUTO"
"2016010000617","2016","2","9","0","3","0","0","0","0","0","0","1","1","6","1","9","1984","1","-1","8","3","AUDI","TT S LINE TFSI QUATTRO S-A"
"2016010000617","2016","3","19","0","4","0","0","0","0","0","0","2","1","6","3","-1","2143","2","4","-1","-1","MERCEDES","VITO 116 CDI BLUEEFFICIENCY"
"2016010000620","2016","1","3","0","18","0","2","5","0","7","1","1","1","6","1","6","125","1","5","2","1","Honda","SH 125 B"
"2016010000623","2016","1","8","0","7","0","5","0","0","0","0","0","1","1","1","7","1998","2","6","2","1","TOYOTA","VERSO TR D-4D"
"2016010000623","2016","2","1","0","18","2","1","0","0","0","0","0","1","6","1","7","-1","-1","-1","5","1",\0,\0
"2016010000624","2016","1","9","0","7","0","8","0","0","0","0","3","1","1","1","7","1988","2","11","6","1","JAGUAR","X-TYPE SE D"
"2016010000624","2016","2","1","0","18","4","8","0","0","0","0","1","1","2","2","5","-1","-1","-1","3","1",\0,\0
"2016010000626","2016","1","9","0","3","0","1","0","0","0","0","2","1","6","2","7","2400","2","4","4","1","VOLVO","XC90 R-DESIGN D5 AWD AUTO"
"2016010000626","2016","2","8","0","4","0","1","0","0","0","0","1","-1","6","3","-1","1598","1","6","-1","-1","VAUXHALL","ASTRA SRI 113"
"2016010000627","2016","1","8","0","1","0","0","0","0","0","0","2","1","1","1","7","1798","8","-1","1","1","TOYOTA","PRIUS+ EXCEL CVT"
"2016010000628","2016","1","9","0","5","0","0","0","0","0","0","1","1","6","2","6","1497","8","10","4","1","TOYOTA","PRIUS T3 VVT-I AUTO"
"2016010000629","2016","1","2","0","18","0","-1","-1","-1","0","0","-1","1","2","2","5","49","1","7","3","1","PIAGGIO","LIBERTY"
"2016010000630","2016","1","9","0","18","0","0","0","0","0","0","1","-1","6","1","-1","-1","-1","-1","-1","-1",\0,\0
"2016010000631","2016","1","9","0","18","0","1","0","0","0","0","1","1","3","2","6","-1","-1","-1","-1","1",\0,\0
"2016010000632","2016","1","9","0","3","0","1","0","0","0","0","4","1","6","1","9","1398","2","11","6","1","PEUGEOT","206 SW S HDI"
"2016010000632","2016","2","1","0","4","0","1","0","0","1","0","1","1","6","1","6","-1","-1","-1","4","1",\0,\0
"2016010000634","2016","1","4","0","18","0","1","0","0","0","0","2","1","6","1","8","-1","-1","-1","-1","1",\0,\0
"2016010000636","2016","1","19","0","9","0","6","0","0","0","0","3","1","1","1","6","2143","2","-1","3","1","MERCEDES","SPRINTER 314CDI"
"2016010000636","2016","2","5","0","18","0","1","5","0","0","0","1","1","2","1","7","750","1","14","2","1","SUZUKI","Missing"
"2016010000637","2016","1","2","0","18","0","0","0","0","0","0","1","1","2","1","8","49","1","4","-1","-1","Honda","NSC 50 WH-C"
"2016010000637","2016","2","9","0","6","0","0","0","0","0","0","3","1","2","1","5","1497","8","-1","4","1","TOYOTA","YARIS ICON HYBRID VVT-I CVT"
"2016010000638","2016","1","19","0","18","0","0","0","0","0","0","1","1","1","2","8","1997","2","10","2","1","PEUGEOT","BOXER 290 LX SWB HDI"
"2016010000638","2016","2","9","0","18","0","0","0","0","0","0","1","1","2","2","8","998","1","1","2","1","FORD","B-MAX TITANIUM TURBO"
"2016010000640","2016","1","3","0","18","0","1","0","0","0","0","1","1","2","1","6","124","1","1","8","1","AJS","R7"
"2016010000640","2016","2","8","0","9","0","6","0","0","0","0","1","2","1","1","8","1997","2","2","3","1","FORD","GALAXY TITANIUM TDCI138 A"
"2016010000642","2016","1","9","0","4","0","-1","-1","0","0","0","2","-1","6","2","7","1329","1","1","5","1","TOYOTA","YARIS ICON VVT-I"
"2016010000642","2016","2","9","-1","4","0","-1","-1","-1","-1","-1","1","-1","6","3","-1","-1","-1","-1","-1","-1",\0,\0
"2016010000643","2016","1","19","0","18","0","1","0","0","0","0","1","1","6","3","-1","-1","-1","-1","-1","-1",\0,\0
"2016010000644","2016","1","11","0","4","0","1","0","0","0","0","1","1","1","1","5","9360","2","5","2","1","VOLVO","Missing"
"2016010000645","2016","1","9","0","9","0","5","0","0","0","0","1","1","1","1","6","1995","2","1","2","1","BMW","320D M SPORT AUTO"
"2016010000646","2016","1","9","0","12","0","1","0","0","5","6","3","1","6","1","6","2143","12","1","4","1","MERCEDES","C300 SPORT BLUETEC HYBRID AUTO"
"2016010000646","2016","2","20","0","18","0","1","0","0","0","0","4","1","1","1","8","4580","2","7","3","1","MAN","Missing"
"2016010000646","2016","3","21","1","18","0","1","0","0","0","0","3","1","1","1","6","12777","2","-1","2","1","VOLVO","Missing"
"2016010000648","2016","1","3","0","18","0","8","0","0","0","0","1","1","6","3","-1","-1","-1","-1","-1","-1",\0,\0
"2016010000649","2016","1","9","0","11","0","0","0","0","0","0","4","1","2","1","6","1229","1","5","1","1","VAUXHALL","CORSA LIMITED EDITION"
"2016010000649","2016","2","5","0","18","0","0","2","0","0","0","3","1","2","1","7","645","1","4","10","3","Suzuki","DL 650 AL2"
"2016010000650","2016","1","9","0","18","0","1","1","0","0","0","1","1","6","1","6","1598","1","9","5","1","RENAULT","SCENIC DYN VVT"
"2016010000650","2016","2","9","0","18","0","1","0","0","0","0","2","1","6","1","7","1896","2","11","3","1","FORD","GALAXY GHIA TDI AUTO"
"2016010000651","2016","1","9","0","9","0","6","0","0","0","0","4","1","2","2","6","1390","1","4","2","1","VOLKSWAGEN","GOLF MATCH TSI DSG"
"2016010000651","2016","2","3","0","14","0","1","0","0","0","0","1","1","6","1","7","108","1","2","3","1","Honda","NSC 110 E-E"
"2016010000652","2016","1","9","0","9","0","8","0","0","0","0","4","1","6","1","7","2149","2","9","5","1","MERCEDES","C220 CDI SE AUTO"
"2016010000652","2016","2","2","0","13","0","1","0","0","0","0","1","1","2","1","6","124","1","2","9","1","Piaggio","FLY 125 3V"
"2016010000654","2016","1","11","0","18","0","2","0","0","0","0","1","1","1","1","9","9360","2","6","10","3","VOLVO","Missing"
"2016010000654","2016","2","1","0","18","0","2","2","0","0","0","1","1","2","1","6","-1","-1","-1","-1","-1",\0,\0
"2016010000655","2016","1","9","0","18","0","1","0","0","0","0","1","1","6","2","8","-1","-1","-1","6","1",\0,\0
"2016010000655","2016","2","9","0","7","0","6","0","0","0","0","1","1","6","1","6","1339","8","7","4","1","HONDA","INSIGHT SE CVT"
"2016010000656","2016","1","9","0","18","0","4","0","0","0","0","3","1","6","2","9","-1","-1","-1","-1","1",\0,\0
"2016010000658","2016","1","1","0","18","0","1","1","-1","0","0","1","1","2","1","8","-1","-1","-1","2","1",\0,\0
"2016010000658","2016","2","9","0","7","0","1","0","-1","0","0","4","-1","6","1","5","-1","-1","-1","-1","-1",\0,\0
"2016010000659","2016","1","11","0","5","2","2","0","0","0","0","0","1","1","1","7","6700","2","8","3","1","ALEXANDER DENNIS","Missing"
"2016010000660","2016","1","9","-1","3","-1","-1","-1","-1","-1","-1","-1","-1","6","1","7","-1","-1","-1","-1","1",\0,\0
"2016010000660","2016","2","11","-1","18","-1","-1","-1","-1","-1","0","2","-1","6","1","7","-1","-1","-1","-1","1",\0,\0
"2016010000662","2016","1","9","0","18","0","0","0","0","0","0","4","1","6","1","8","1995","2","5","10","1","BMW","120D M SPORT"
"2016010000662","2016","2","9","0","18","0","0","1","0","0","0","3","1","6","1","8","998","1","3","2","1","PEUGEOT","107 ACTIVE"
"2016010000663","2016","1","9","0","7","0","5","0","0","0","0","3","1","6","1","7","1998","1","14","-1","-1","HONDA","CR-V I-VTEC SE"
"2016010000663","2016","2","90","0","18","0","5","0","0","0","0","0","1","1","1","6","-1","-1","-1","4","1",\0,\0
"2016010000664","2016","1","4","0","18","-1","8","2","10","0","0","4","1","6","1","6","-1","-1","-1","-1","1",\0,\0
"2016010000664","2016","2","9","-1","11","-1","8","-1","0","0","0","-1","-1","6","1","-1","-1","-1","-1","-1","2",\0,\0
"2016010000665","2016","1","11","0","7","0","5","0","0","0","0","0","1","1","1","8","9360","2","6","2","1","VOLVO","Missing"
"2016010000667","2016","1","1","-1","5","-1","-1","-1","-1","-1","-1","-1","1","2","1","8","-1","-1","-1","-1","1",\0,\0
"2016010000668","2016","1","3","0","4","0","0","1","0","0","0","1","1","6","1","4","125","1","10","2","1","HONDA","FES 125-5"
"2016010000668","2016","2","9","0","10","0","0","0","0","0","0","1","1","6","1","7","1995","2","6","3","1","NISSAN","QASHQAI N-TEC DCI 4X4"
"2016010000669","2016","1","19","0","1","0","5","0","0","0","0","2","1","6","1","7","1753","2","5","-1","-1","FORD","TRAN CONNECT 90 T230"
"2016010000669","2016","2","9","0","3","0","5","0","0","0","0","1","1","6","1","5","1798","1","9","6","1","FORD","FOCUS ZETEC CLIMATE"
"2016010000670","2016","1","3","0","7","0","8","1","0","0","0","0","1","1","1","7","-1","-1","-1","-1","1",\0,\0
"2016010000670","2016","2","9","0","14","0","1","0","0","0","0","0","1","6","3","-1","-1","-1","-1","-1","-1",\0,\0
"2016010000671","2016","1","9","0","10","0","0","0","0","0","0","0","1","2","1","8","1598","2","5","4","1","SKODA","FABIA ELEGANCE TDI CR 75"
"2016010000671","2016","2","3","0","18","0","0","2","0","0","0","0","1","6","1","6","-1","-1","-1","6","1",\0,\0
"2016010000672","2016","1","11","0","5","0","2","0","0","0","0","4","1","1","1","6","4461","2","3","2","1","ALEXANDER DENNIS","Missing"
"2016010000673","2016","1","19","0","18","0","1","0","0","0","0","4","1","6","3","-1","-1","-1","-1","-1","-1",\0,\0
"2016010000674","2016","1","11","0","5","0","1","0","0","0","0","0","1","1","1","8","8268","2","14","9","1","DENNIS","Missing"
"2016010000675","2016","1","19","0","4","0","1","0","0","0","0","2","1","1","1","7","1995","2","8","1","1","NISSAN","PRIMASTAR DCI 90 SWB"
"2016010000675","2016","2","21","0","4","0","1","0","0","0","0","1","1","1","1","7","12777","2","9","-1","-1","VOLVO","Missing"
"2016010000677","2016","1","9","0","9","0","1","0","0","0","0","3","1","2","2","6","1995","2","12","4","1","VAUXHALL","ZAFIRA LIFE DTI AUTO"
"2016010000677","2016","2","3","0","14","0","1","0","0","0","0","2","1","6","1","7","125","1","-1","4","1","Yamaha","GPD125-A NMAX 125 ABS"
"2016010000678","2016","1","9","0","3","0","0","0","0","0","0","2","1","1","1","7","1242","1","4","3","1","FORD","FIESTA EDGE 60"
"2016010000678","2016","2","9","0","3","0","0","0","0","0","0","2","1","2","2","6","1598","1","6","8","1","VAUXHALL","ASTRA SRI 113"
"2016010000678","2016","3","9","0","3","0","0","0","0","0","0","2","1","6","1","9","1984","1","5","4","1","AUDI","TT S LINE TFSI"
"2016010000678","2016","4","19","0","18","0","0","0","0","0","0","1","1","6","3","-1","-1","-1","-1","-1","-1",\0,\0
"2016010000679","2016","1","9","0","7","0","8","0","0","0","0","2","1","1","2","6","1364","1","8","5","1","VAUXHALL","CORSA CLUB A/C AUTO"
"2016010000679","2016","2","9","0","18","0","1","0","0","0","0","1","1","6","2","9","2143","2","-1","4","1","MERCEDES","B 200 SPORT EXECUTIVE D AUTO"
"2016010000680","2016","1","9","0","18","0","0","0","0","0","0","1","1","6","2","9","1968","2","7","6","1","AUDI","A4 S LINE QTRO 170TDI DPF"
"2016010000680","2016","2","8","0","4","0","0","0","0","0","0","2","1","1","1","6","1686","2","4","2","1","VAUXHALL","ZAFIRA EXCLUSIV CDTI EFLX"
"2016010000680","2016","3","9","0","4","0","0","0","0","0","0","2","1","6","2","6","1968","2","1","4","1","AUDI","A5 S LINE BLACK ED + TDI CVT"
"2016010000681","2016","1","5","0","14","0","0","0","0","0","0","1","1","6","1","8","748","1","19","6","2","HONDA","VFR 750 F"
"2016010000682","2016","1","9","0","18","0","5","0","0","0","0","4","1","6","1","8","1997","2","13","6","1","PEUGEOT","206 HDI D TURBO"
"2016010000683","2016","1","9","0","18","0","0","0","0","0","0","1","1","6","1","5","1598","1","11","4","1","VAUXHALL","ASTRA CLUB TWINPORT"
"2016010000683","2016","2","9","0","7","0","0","0","0","0","0","1","1","6","1","4","1995","2","3","6","1","BMW","118D SPORT"
"2016010000684","2016","1","9","0","18","0","1","0","0","0","0","1","1","2","1","4","-1","-1","-1","9","1","CITROEN","NEMO 660 ENTERPRISE HDI"
"2016010000684","2016","2","9","0","5","0","1","0","0","0","0","1","1","6","1","-1","1895","1","17","9","1","BMW","Z3"
"2016010000685","2016","1","9","0","9","0","5","0","0","0","0","3","1","6","3","-1","-1","-1","-1","-1","-1",\0,\0
"2016010000686","2016","1","9","0","9","0","5","0","0","0","0","3","1","6","1","7","1796","1","6","9","1","MERCEDES","SLK 200 KOMPRESSOR"
"2016010000686","2016","2","5","0","18","0","1","5","0","0","0","1","1","6","1","6","748","1","8","9","1","KAWASAKI","ZR 750 L8F"
"2016010000688","2016","1","9","0","4","0","1","0","0","0","0","2","1","6","1","6","1995","2","-1","3","1","BMW","X1 XDRIVE25D M SPORT AUTO"
"2016010000688","2016","2","2","0","12","0","1","0","0","0","0","1","1","1","1","4","108","1","1","3","1","Honda","NSC 110 E-E"
"2016010000690","2016","1","9","0","4","0","2","0","0","0","0","1","1","6","2","9","1299","1","13","5","1","FORD","KA"
"2016010000690","2016","2","9","0","18","0","2","0","0","0","0","1","1","6","1","6","1598","1","4","5","1","VAUXHALL","ASTRA SRI"
"2016010000691","2016","1","9","0","7","0","8","0","0","0","0","1","1","6","1","-1","-1","-1","-1","-1","-1",\0,\0
"2016010000692","2016","1","9","0","18","0","1","0","0","0","0","3","1","6","2","5","1364","1","9","3","1","VAUXHALL","CORSA DESIGN AUTO"
"2016010000692","2016","2","9","0","9","0","6","0","0","0","0","1","1","6","2","4","1229","1","7","4","1","VAUXHALL","CORSA LIFE A/C"
"2016010000694","2016","1","9","0","9","0","8","0","0","0","0","3","1","6","1","8","1840","1","15","2","1","MAZDA","MX - 5  S - VT"
"2016010000694","2016","2","3","0","18","0","8","0","0","0","0","1","1","6","2","5","-1","-1","-1","3","1",\0,\0
"2016010000695","2016","1","9","0","4","0","7","0","0","0","0","2","1","2","1","9","1796","1","12","4","1","LOTUS","EXIGE (TOURING)"
"2016010000695","2016","2","9","0","4","0","7","0","0","0","0","1","1","6","2","5","1339","1","9","5","1","HONDA","CIVIC SE I-DSI"
"2016010000696","2016","1","9","0","18","0","1","0","0","0","0","1","1","6","1","6","-1","-1","-1","5","1","Honda","NSC 110 E-E"
"2016010000696","2016","2","9","0","6","0","1","0","0","0","0","3","1","6","1","10","1950","2","-1","6","1","MERCEDES","E 220 D SE PREMIUM+ AUTO"